,district,vaccinated1,vaccinated2,state,confirmed,deceased,recovered,tested
0,Nicobars,25394.0,20313.0,AN,0.0,0.0,0.0,0.0
1,North and Middle Andaman,78945.0,59522.0,AN,0.0,0.0,0.0,0.0
2,South Andaman,189662.0,120322.0,AN,0.0,0.0,0.0,0.0
4,Anantapur,2690082.0,1611476.0,AP,157843.0,1093.0,156699.0,787085.0
5,Chittoor,2832987.0,1807873.0,AP,246935.0,1947.0,244144.0,780322.0
6,East Godavari,3532220.0,1990578.0,AP,293836.0,1290.0,291610.0,944746.0
7,Foreign Evacuees,0.0,0.0,AP,434.0,0.0,434.0,0.0
8,Guntur,3440118.0,1891773.0,AP,178068.0,1237.0,176629.0,833823.0
9,Krishna,2971604.0,1914927.0,AP,119348.0,1430.0,117130.0,782232.0
10,Kurnool,2672759.0,1290419.0,AP,124142.0,853.0,123264.0,867361.0
11,Other State,0.0,0.0,WB,66.0,3.0,63.0,0.0
12,Prakasam,2321031.0,1521177.0,AP,138482.0,1124.0,136989.0,697340.0
13,S.P.S. Nellore,2143402.0,1403240.0,AP,146388.0,1053.0,144919.0,682964.0
14,Srikakulam,1630248.0,974734.0,AP,123109.0,786.0,122136.0,670899.0
15,Visakhapatnam,2999432.0,1864960.0,AP,157737.0,1127.0,156492.0,744983.0
16,Vizianagaram,1393491.0,996097.0,AP,82967.0,672.0,82231.0,531433.0
17,West Godavari,2525317.0,1778807.0,AP,179077.0,1117.0,177680.0,793098.0
18,Y.S.R. Kadapa,1824032.0,1328711.0,AP,115623.0,644.0,114904.0,671761.0
19,Anjaw,11695.0,7957.0,AR,1068.0,3.0,1065.0,2845.0
20,Capital Complex,0.0,0.0,AR,0.0,0.0,0.0,115210.0
21,Changlang,88857.0,55361.0,AR,3807.0,22.0,3780.0,23861.0
22,East Kameng,22931.0,15646.0,AR,1094.0,0.0,1094.0,7489.0
23,East Siang,54001.0,39434.0,AR,3206.0,17.0,3183.0,21867.0
24,Kamle,6946.0,3874.0,AR,512.0,0.0,512.0,1385.0
25,Kra Daadi,6275.0,3272.0,AR,270.0,0.0,270.0,3218.0
26,Kurung Kumey,9121.0,5601.0,AR,511.0,1.0,510.0,4201.0
27,Lepa Rada,13328.0,10176.0,AR,874.0,3.0,871.0,6747.0
28,Lohit,31120.0,22003.0,AR,2885.0,26.0,2851.0,14945.0
29,Longding,19259.0,7826.0,AR,752.0,2.0,749.0,10342.0
30,Lower Dibang Valley,32639.0,22089.0,AR,2426.0,11.0,2397.0,12169.0
31,Lower Siang,16565.0,9990.0,AR,738.0,8.0,730.0,7070.0
32,Lower Subansiri,26916.0,18827.0,AR,3036.0,15.0,3015.0,10564.0
33,Namsai,63539.0,47104.0,AR,2124.0,17.0,2102.0,19987.0
34,Pakke Kessang,8004.0,4998.0,AR,453.0,0.0,453.0,3327.0
35,Papum Pare,141168.0,100258.0,AR,18316.0,98.0,18212.0,41960.0
36,Shi Yomi,6910.0,5663.0,AR,262.0,0.0,261.0,2169.0
37,Siang,14408.0,9068.0,AR,411.0,3.0,408.0,4270.0
38,Tawang,29553.0,23287.0,AR,2577.0,20.0,2533.0,14224.0
39,Tirap,31565.0,21200.0,AR,1109.0,5.0,1102.0,14657.0
40,Upper Dibang Valley,4156.0,2603.0,AR,337.0,2.0,335.0,1910.0
41,Upper Siang,18594.0,13671.0,AR,1016.0,1.0,1015.0,6564.0
42,Upper Subansiri,24842.0,16390.0,AR,1958.0,6.0,1952.0,6217.0
43,West Kameng,55710.0,40321.0,AR,3545.0,14.0,3518.0,28155.0
44,West Siang,33773.0,27867.0,AR,1868.0,6.0,1856.0,13192.0
45,Baksa,553967.0,136574.0,AS,0.0,0.0,0.0,0.0
46,Barpeta,1095048.0,448006.0,AS,0.0,0.0,0.0,0.0
47,Biswanath,456088.0,213437.0,AS,0.0,0.0,0.0,0.0
48,Bongaigaon,493242.0,183782.0,AS,0.0,0.0,0.0,0.0
49,Cachar,1101266.0,402535.0,AS,0.0,0.0,0.0,0.0
50,Charaideo,309125.0,111219.0,AS,0.0,0.0,0.0,0.0
51,Chirang,288696.0,102397.0,AS,0.0,0.0,0.0,0.0
52,Darrang,596783.0,183724.0,AS,0.0,0.0,0.0,0.0
53,Dhemaji,431792.0,184251.0,AS,0.0,0.0,0.0,0.0
54,Dhubri,945264.0,229696.0,AS,0.0,0.0,0.0,0.0
55,Dibrugarh,914640.0,430800.0,AS,0.0,0.0,0.0,301657.0
56,Dima Hasao,116318.0,62593.0,AS,0.0,0.0,0.0,0.0
57,Goalpara,662016.0,195521.0,AS,0.0,0.0,0.0,0.0
58,Golaghat,711564.0,306745.0,AS,0.0,0.0,0.0,0.0
59,Hailakandi,422295.0,146888.0,AS,0.0,0.0,0.0,0.0
60,Hojai,602504.0,274035.0,AS,0.0,0.0,0.0,0.0
61,Jorhat,649267.0,297724.0,AS,0.0,0.0,0.0,0.0
62,Kamrup,1079092.0,409628.0,AS,0.0,0.0,0.0,0.0
63,Kamrup Metropolitan,1246239.0,875897.0,AS,0.0,0.0,0.0,0.0
64,Karbi Anglong,284600.0,102798.0,AS,0.0,0.0,0.0,0.0
65,Karimganj,681216.0,203575.0,AS,0.0,0.0,0.0,0.0
66,Kokrajhar,538901.0,156488.0,AS,0.0,0.0,0.0,0.0
67,Lakhimpur,681386.0,301369.0,AS,0.0,0.0,0.0,0.0
68,Majuli,117599.0,82507.0,AS,0.0,0.0,0.0,0.0
69,Morigaon,592446.0,212146.0,AS,0.0,0.0,0.0,0.0
70,Nagaon,1203831.0,448081.0,AS,0.0,0.0,0.0,0.0
71,Nalbari,483076.0,168392.0,AS,0.0,0.0,0.0,0.0
72,Sivasagar,478954.0,223921.0,AS,0.0,0.0,0.0,0.0
73,Sonitpur,767841.0,434213.0,AS,0.0,0.0,0.0,0.0
74,South Salmara Mankachar,239906.0,76599.0,AS,0.0,0.0,0.0,0.0
75,Tinsukia,795057.0,286170.0,AS,0.0,0.0,0.0,0.0
76,Udalguri,504439.0,133919.0,AS,0.0,0.0,0.0,24661.0
77,West Karbi Anglong,127612.0,42942.0,AS,0.0,0.0,0.0,0.0
78,Araria,1177154.0,395227.0,BR,14978.0,116.0,14859.0,219221.0
79,Arwal,345175.0,116424.0,BR,7381.0,74.0,7307.0,101624.0
80,Aurangabad,1772420.0,723304.0,MH,155331.0,4251.0,150615.0,11800.0
81,Banka,935177.0,351254.0,BR,7379.0,112.0,7267.0,364776.0
82,Begusarai,1430906.0,480982.0,BR,27212.0,457.0,26754.0,213670.0
83,Bhagalpur,1494951.0,650332.0,BR,25840.0,309.0,25531.0,582113.0
84,Bhojpur,1291186.0,382719.0,BR,10210.0,159.0,10051.0,466438.0
85,Buxar,907374.0,322555.0,BR,9248.0,182.0,9066.0,461428.0
86,Darbhanga,1869372.0,741553.0,BR,10937.0,370.0,10567.0,448442.0
87,East Champaran,2498559.0,1002939.0,BR,19017.0,430.0,18585.0,548132.0
88,Gaya,1925234.0,722746.0,BR,33952.0,280.0,33672.0,872359.0
89,Gopalganj,1286763.0,481968.0,BR,16685.0,94.0,16591.0,562654.0
90,Jamui,800488.0,222093.0,BR,9418.0,106.0,9312.0,342005.0
91,Jehanabad,498448.0,184446.0,BR,10783.0,109.0,10674.0,492255.0
92,Kaimur,801438.0,225437.0,BR,4984.0,147.0,4837.0,442332.0
93,Katihar,1451838.0,403046.0,BR,18145.0,94.0,18051.0,556438.0
94,Khagaria,775019.0,222012.0,BR,10064.0,88.0,9976.0,148340.0
95,Kishanganj,757066.0,205274.0,BR,10128.0,66.0,10057.0,294321.0
96,Lakhisarai,461970.0,138407.0,BR,7776.0,102.0,7674.0,332434.0
97,Madhepura,965767.0,260408.0,BR,12547.0,111.0,12435.0,455482.0
98,Madhubani,1974159.0,680214.0,BR,18365.0,339.0,18023.0,715168.0
99,Munger,707588.0,264665.0,BR,15111.0,158.0,14953.0,325212.0
100,Muzaffarpur,2253919.0,717015.0,BR,31398.0,621.0,30777.0,722651.0
101,Nalanda,1393762.0,638181.0,BR,23432.0,468.0,22964.0,591346.0
102,Nawada,1062349.0,274319.0,BR,10353.0,178.0,10174.0,322514.0
103,Patna,3421614.0,2366474.0,BR,147007.0,2334.0,144651.0,676238.0
104,Purnia,1603099.0,729224.0,BR,24427.0,180.0,24247.0,568756.0
105,Rohtas,1498172.0,465660.0,BR,13980.0,271.0,13707.0,521553.0
106,Saharsa,995618.0,366567.0,BR,17616.0,134.0,17482.0,356327.0
107,Samastipur,1991102.0,555728.0,BR,20020.0,155.0,19864.0,614569.0
108,Saran,1868014.0,736766.0,BR,23278.0,255.0,23020.0,761473.0
109,Sheikhpura,287209.0,95322.0,BR,7693.0,75.0,7618.0,142348.0
110,Sheohar,300967.0,108766.0,BR,4404.0,36.0,4368.0,199431.0
111,Sitamarhi,1511464.0,424182.0,BR,9185.0,127.0,9058.0,453227.0
112,Siwan,1670590.0,684755.0,BR,15195.0,170.0,15025.0,536438.0
113,Supaul,1069993.0,369925.0,BR,17222.0,129.0,17093.0,456511.0
114,Vaishali,1671469.0,478638.0,BR,19827.0,192.0,19632.0,275884.0
115,West Champaran,1784016.0,469332.0,BR,20890.0,358.0,20532.0,551778.0
116,Chandigarh,926035.0,546981.0,CH,65351.0,820.0,64495.0,792851.0
117,Balod,537459.0,271570.0,CT,27278.0,396.0,26880.0,2749.0
118,Baloda Bazar,617777.0,211945.0,CT,43085.0,471.0,42611.0,3816.0
119,Balrampur,995084.0,438892.0,UP,7494.0,138.0,7354.0,276237.0
120,Bametara,405388.0,132925.0,CT,19963.0,236.0,19726.0,3113.0
121,Bastar,443759.0,178775.0,CT,21066.0,188.0,20845.0,4522.0
122,Bijapur,103247.0,44245.0,CT,8324.0,55.0,8263.0,1239.0
123,Bilaspur,323204.0,234916.0,HP,14374.0,85.0,14120.0,39738.0
124,Dakshin Bastar Dantewada,158243.0,80855.0,CT,10840.0,25.0,10809.0,1168.0
125,Dhamtari,509782.0,224591.0,CT,27239.0,545.0,26690.0,1501.0
126,Durg,1012391.0,525445.0,CT,96880.0,1798.0,95028.0,5020.0
127,Gariaband,293987.0,99137.0,CT,19701.0,194.0,19506.0,2096.0
128,Gaurela Pendra Marwahi,189474.0,79788.0,CT,12011.0,146.0,11864.0,273.0
129,Janjgir Champa,896087.0,317605.0,CT,57636.0,838.0,56766.0,4016.0
130,Jashpur,435884.0,182747.0,CT,27093.0,212.0,26867.0,2542.0
131,Kabeerdham,402362.0,173494.0,CT,22771.0,267.0,22503.0,2829.0
132,Kondagaon,317695.0,100468.0,CT,13139.0,99.0,13036.0,1607.0
133,Korba,650457.0,287588.0,CT,54847.0,580.0,54228.0,10034.0
134,Koriya,375503.0,128177.0,CT,26980.0,177.0,26798.0,2689.0
135,Mahasamund,738333.0,428365.0,CT,31365.0,365.0,31000.0,2183.0
136,Mungeli,282508.0,109857.0,CT,23921.0,167.0,23753.0,2922.0
137,Narayanpur,53032.0,19468.0,CT,4019.0,14.0,4005.0,804.0
138,Raigarh,0.0,0.0,MP,1.0,0.0,0.0,0.0
139,Raipur,1557999.0,915437.0,CT,158035.0,3139.0,154852.0,12704.0
140,Rajnandgaon,1028876.0,530711.0,CT,56077.0,515.0,55557.0,124947.0
141,Sukma,134654.0,81437.0,CT,8066.0,20.0,8041.0,1723.0
142,Surajpur,419247.0,163526.0,CT,29029.0,224.0,28805.0,1830.0
143,Surguja,468885.0,277031.0,CT,33673.0,245.0,33426.0,103578.0
144,Uttar Bastar Kanker,405744.0,171484.0,CT,23636.0,224.0,23407.0,2051.0
145,Delhi,13055636.0,7425404.0,DL,1439870.0,25091.0,1414431.0,29427753.0
146,Dadra and Nagar Haveli,387772.0,183553.0,DN,5920.0,3.0,5910.0,44813.0
147,Daman,234202.0,155547.0,DN,3543.0,1.0,3516.0,19338.0
148,Diu,38779.0,31153.0,DN,1218.0,0.0,1218.0,8259.0
149,North Goa,600586.0,424066.0,GA,0.0,0.0,0.0,0.0
150,South Goa,661972.0,487016.0,GA,0.0,0.0,0.0,0.0
151,Ahmedabad,5961594.0,3439921.0,GJ,238334.0,3411.0,234889.0,2556492.0
152,Amreli,927389.0,551970.0,GJ,10810.0,102.0,10708.0,212265.0
153,Anand,1471865.0,935893.0,GJ,9637.0,49.0,9581.0,171851.0
154,Aravalli,717964.0,522361.0,GJ,5186.0,78.0,5108.0,122182.0
155,Banaskantha,2140492.0,1157901.0,GJ,13631.0,162.0,13469.0,218527.0
156,Bharuch,1217587.0,669742.0,GJ,11426.0,118.0,11308.0,156057.0
157,Bhavnagar,1680398.0,986097.0,GJ,21447.0,301.0,21143.0,392834.0
158,Botad,378232.0,228691.0,GJ,2218.0,42.0,2176.0,98559.0
159,Chhota Udaipur,635695.0,420157.0,GJ,3395.0,38.0,3357.0,93838.0
160,Dahod,1499052.0,631818.0,GJ,9955.0,38.0,9917.0,218259.0
161,Dang,156334.0,59262.0,GJ,866.0,18.0,848.0,31921.0
162,Devbhumi Dwarka,504501.0,309771.0,GJ,4175.0,82.0,4093.0,80424.0
163,Gandhinagar,1175562.0,706208.0,GJ,20754.0,205.0,20549.0,292598.0
164,Gir Somnath,845224.0,363467.0,GJ,8570.0,67.0,8499.0,121948.0
165,Jamnagar,1111813.0,653950.0,GJ,34978.0,478.0,34494.0,307911.0
166,Junagadh,1316479.0,733025.0,GJ,20505.0,272.0,20226.0,199699.0
167,Kheda,1454344.0,893742.0,GJ,10439.0,48.0,10391.0,218140.0
168,Kutch,1412923.0,680232.0,GJ,12631.0,145.0,12474.0,267060.0
169,Mahisagar,815594.0,459520.0,GJ,8194.0,72.0,8122.0,122796.0
170,Mehsana,1405786.0,869969.0,GJ,24419.0,177.0,24242.0,229904.0
171,Morbi,674000.0,308840.0,GJ,6502.0,87.0,6415.0,157321.0
172,Narmada,413260.0,279684.0,GJ,5955.0,15.0,5940.0,76134.0
173,Navsari,948673.0,647484.0,GJ,7215.0,24.0,7181.0,129099.0
174,Panchmahal,1105110.0,626003.0,GJ,11770.0,70.0,11700.0,160981.0
175,Patan,850462.0,533438.0,GJ,11624.0,129.0,11495.0,169059.0
176,Porbandar,419364.0,256377.0,GJ,3486.0,19.0,3467.0,97912.0
177,Rajkot,2227111.0,1255012.0,GJ,57976.0,725.0,57243.0,731251.0
178,Sabarkantha,1000517.0,596705.0,GJ,9317.0,157.0,9159.0,182090.0
179,Surat,4781894.0,2529712.0,GJ,143874.0,1956.0,141885.0,1938229.0
180,Surendranagar,1113845.0,715931.0,GJ,8121.0,136.0,7985.0,201153.0
181,Tapi,527345.0,303297.0,GJ,4441.0,24.0,4417.0,92524.0
182,Vadodara,2612578.0,1940514.0,GJ,78159.0,788.0,77335.0,695670.0
183,Valsad,1232139.0,704675.0,GJ,6405.0,53.0,6308.0,155380.0
184,Chamba,364258.0,198146.0,HP,13687.0,160.0,13492.0,53505.0
185,Hamirpur,561456.0,185949.0,UP,5232.0,102.0,5130.0,240382.0
186,Kangra,1182563.0,725754.0,HP,50818.0,1125.0,48872.0,94910.0
187,Kinnaur,79673.0,63209.0,HP,3507.0,38.0,3465.0,6730.0
188,Kullu,351261.0,203549.0,HP,9692.0,158.0,9496.0,12012.0
189,Lahaul and Spiti,31920.0,20986.0,HP,2953.0,18.0,2935.0,540.0
190,Mandi,775242.0,479355.0,HP,31606.0,448.0,30983.0,41895.0
191,Shimla,678341.0,412640.0,HP,27549.0,641.0,26786.0,32922.0
192,Sirmaur,423793.0,209631.0,HP,15456.0,211.0,15244.0,42564.0
193,Solan,691163.0,339630.0,HP,22817.0,314.0,22472.0,57200.0
194,Una,434945.0,286819.0,HP,14268.0,253.0,13804.0,52905.0
195,Ambala,873020.0,571772.0,HR,30150.0,509.0,29639.0,206003.0
196,Bhiwani,741251.0,317765.0,HR,22409.0,652.0,21757.0,176225.0
197,Charkhi Dadri,364599.0,262184.0,HR,5078.0,139.0,4939.0,58525.0
198,Faridabad,1658940.0,840997.0,HR,99902.0,716.0,99157.0,504970.0
199,Fatehabad,574546.0,201763.0,HR,17875.0,481.0,17394.0,27456.0
200,Gurugram,2193114.0,1377160.0,HR,181428.0,922.0,180454.0,742619.0
201,Hisar,994213.0,332162.0,HR,53995.0,1136.0,52857.0,322039.0
202,Jhajjar,684511.0,293496.0,HR,18849.0,328.0,18514.0,186853.0
203,Jind,704573.0,250859.0,HR,21209.0,533.0,20675.0,11157.0
204,Kaithal,615168.0,217439.0,HR,11244.0,346.0,10898.0,11687.0
205,Karnal,1000120.0,451876.0,HR,40037.0,552.0,39484.0,185147.0
206,Kurukshetra,610380.0,248125.0,HR,22147.0,357.0,21789.0,198881.0
207,Mahendragarh,576527.0,264911.0,HR,21689.0,155.0,21534.0,143253.0
208,Nuh,354422.0,78081.0,HR,5014.0,123.0,4890.0,93389.0
209,Palwal,608874.0,221786.0,HR,11025.0,153.0,10872.0,139809.0
210,Panchkula,456675.0,279951.0,HR,30770.0,378.0,30379.0,118725.0
211,Panipat,830805.0,273172.0,HR,31150.0,638.0,30510.0,58863.0
212,Rewari,648724.0,294989.0,HR,20327.0,221.0,20106.0,151363.0
213,Rohtak,674649.0,305282.0,HR,25903.0,534.0,25350.0,25894.0
214,Sirsa,786205.0,278920.0,HR,29282.0,508.0,28771.0,150193.0
215,Sonipat,989125.0,411915.0,HR,47138.0,254.0,46884.0,238963.0
216,Yamunanagar,831598.0,340196.0,HR,24631.0,414.0,24215.0,196131.0
217,Bokaro,994497.0,333330.0,JH,19461.0,286.0,19170.0,11798.0
218,Chatra,454807.0,126700.0,JH,6033.0,53.0,5977.0,0.0
219,Deoghar,569167.0,230458.0,JH,10835.0,113.0,10721.0,6951.0
220,Dhanbad,1185934.0,446946.0,JH,16589.0,382.0,16196.0,0.0
221,Dumka,638722.0,229944.0,JH,4636.0,47.0,4589.0,5400.0
222,East Singhbhum,1424376.0,661091.0,JH,51974.0,1046.0,50907.0,0.0
223,Garhwa,456056.0,148421.0,JH,6895.0,94.0,6801.0,0.0
224,Giridih,994417.0,301193.0,JH,8964.0,130.0,8834.0,11132.0
225,Godda,527710.0,198198.0,JH,5840.0,87.0,5753.0,10980.0
226,Gumla,387738.0,156364.0,JH,9900.0,38.0,9857.0,0.0
227,Hazaribagh,865943.0,317137.0,JH,19593.0,186.0,19404.0,0.0
228,Jamtara,381155.0,137216.0,JH,5599.0,61.0,5534.0,2880.0
229,Khunti,227503.0,107053.0,JH,7820.0,96.0,7724.0,3852.0
230,Koderma,363078.0,140609.0,JH,12872.0,136.0,12736.0,0.0
231,Latehar,294989.0,84919.0,JH,7871.0,57.0,7814.0,0.0
232,Lohardaga,173109.0,63130.0,JH,6709.0,88.0,6621.0,7526.0
233,Pakur,378048.0,108941.0,JH,2552.0,12.0,2539.0,6429.0
234,Palamu,788026.0,311074.0,JH,12294.0,110.0,12184.0,0.0
235,Ramgarh,522017.0,185442.0,JH,13923.0,197.0,13714.0,0.0
236,Ranchi,1512114.0,656001.0,JH,86116.0,1585.0,84495.0,0.0
237,Sahibganj,430948.0,132560.0,JH,4834.0,42.0,4792.0,5029.0
238,Saraikela-Kharsawan,505417.0,167980.0,JH,7207.0,67.0,7137.0,161796.0
239,Simdega,277357.0,112059.0,JH,7193.0,92.0,7101.0,0.0
240,West Singhbhum,630437.0,225607.0,JH,13054.0,133.0,12918.0,0.0
241,Anantnag,759605.0,402717.0,JK,16603.0,205.0,16378.0,0.0
242,Bandipora,303665.0,154345.0,JK,9814.0,102.0,9693.0,0.0
243,Baramulla,776258.0,450002.0,JK,24613.0,282.0,24196.0,0.0
244,Budgam,592075.0,319587.0,JK,23844.0,207.0,23548.0,0.0
245,Doda,313983.0,158751.0,JK,7869.0,133.0,7704.0,0.0
246,Ganderbal,227349.0,133812.0,JK,10436.0,79.0,10313.0,0.0
247,Jammu,1168448.0,610537.0,JK,53324.0,1145.0,52145.0,0.0
248,Kathua,482584.0,249588.0,JK,9327.0,152.0,9175.0,0.0
249,Kishtwar,164754.0,78041.0,JK,4819.0,44.0,4773.0,0.0
250,Kulgam,401091.0,202260.0,JK,11489.0,117.0,11367.0,0.0
251,Kupwara,673594.0,348327.0,JK,14463.0,166.0,14268.0,0.0
252,Pulwama,430622.0,244300.0,JK,15512.0,194.0,15309.0,139552.0
253,Punch,386098.0,234540.0,JK,6482.0,98.0,6371.0,0.0
254,Rajouri,498787.0,241407.0,JK,11272.0,237.0,11031.0,0.0
255,Ramban,220690.0,147086.0,JK,6043.0,67.0,5971.0,0.0
256,Reasi,244379.0,133971.0,JK,6626.0,43.0,6575.0,0.0
257,Samba,280700.0,122554.0,JK,7152.0,120.0,7032.0,0.0
258,Shopiyan,203036.0,95122.0,JK,5607.0,58.0,5549.0,0.0
259,Srinagar,957347.0,592016.0,JK,75539.0,846.0,74242.0,0.0
260,Udhampur,425945.0,227785.0,JK,11415.0,137.0,11275.0,0.0
261,Bagalkote,1188016.0,613422.0,KA,35178.0,333.0,34843.0,49851.0
262,Ballari,1758198.0,864065.0,KA,97763.0,1689.0,95961.0,402407.0
263,Belagavi,3165252.0,1386668.0,KA,79900.0,938.0,78879.0,396565.0
264,Bengaluru Rural,700825.0,385704.0,KA,62005.0,890.0,61073.0,240277.0
265,Bengaluru Urban,9219875.0,5903791.0,KA,1251872.0,16281.0,1229059.0,6883888.0
266,Bidar,929776.0,515993.0,KA,24340.0,400.0,23936.0,67689.0
267,Chamarajanagara,647951.0,351940.0,KA,33001.0,500.0,32469.0,5156.0
268,Chikkaballapura,852473.0,497674.0,KA,43951.0,429.0,43501.0,15089.0
269,Chikkamagaluru,737417.0,346002.0,KA,51126.0,395.0,50662.0,5467.0
270,Chitradurga,1020280.0,618156.0,KA,36666.0,206.0,36412.0,4393.0
271,Dakshina Kannada,1531107.0,848253.0,KA,115478.0,1680.0,113515.0,131281.0
272,Davanagere,1016827.0,495371.0,KA,50989.0,608.0,50359.0,17483.0
273,Dharwad,1212295.0,561504.0,KA,60970.0,1315.0,59639.0,137696.0
274,Gadag,691646.0,328477.0,KA,26066.0,319.0,25747.0,8904.0
275,Hassan,1224599.0,614828.0,KA,111785.0,1256.0,110294.0,10800.0
276,Haveri,999178.0,383705.0,KA,21947.0,644.0,21301.0,11714.0
277,Kalaburagi,1323039.0,641641.0,KA,61926.0,819.0,61087.0,409596.0
278,Kodagu,385482.0,212033.0,KA,37095.0,329.0,36616.0,143982.0
279,Kolar,991957.0,625918.0,KA,46916.0,638.0,46266.0,91924.0
280,Koppal,814373.0,411092.0,KA,35198.0,521.0,34660.0,8708.0
281,Mandya,1189318.0,659066.0,KA,73753.0,650.0,73029.0,14874.0
282,Mysuru,2141764.0,1239770.0,KA,179167.0,2416.0,176447.0,107338.0
283,Raichur,1021603.0,448501.0,KA,39973.0,331.0,39641.0,21011.0
284,Ramanagara,754463.0,469335.0,KA,24204.0,320.0,23869.0,103399.0
285,Shivamogga,1162073.0,535447.0,KA,69444.0,1088.0,68239.0,48760.0
286,Tumakuru,1672730.0,881580.0,KA,120836.0,1127.0,119420.0,106564.0
287,Udupi,919074.0,529427.0,KA,76718.0,489.0,76181.0,86092.0
288,Uttara Kannada,980496.0,505589.0,KA,56218.0,766.0,55339.0,13833.0
289,Vijayapura,1535235.0,634270.0,KA,36267.0,495.0,35764.0,25108.0
290,Yadgir,708887.0,348094.0,KA,27545.0,207.0,27337.0,221485.0
291,Alappuzha,1518055.0,855411.0,KL,316160.0,1862.0,313515.0,0.0
292,Ernakulam,2953482.0,1759232.0,KL,602800.0,3555.0,583842.0,0.0
293,Idukki,859116.0,481911.0,KL,147118.0,519.0,140292.0,237691.0
294,Kannur,1891004.0,959656.0,KL,275264.0,2325.0,269475.0,392136.0
295,Kasaragod,910194.0,521754.0,KL,138815.0,617.0,134824.0,0.0
296,Kollam,1951077.0,1047951.0,KL,390872.0,2451.0,383923.0,0.0
297,Kottayam,1477425.0,841596.0,KL,322484.0,1356.0,315759.0,0.0
298,Kozhikode,2341296.0,1154561.0,KL,527346.0,3374.0,519030.0,955060.0
299,Malappuram,2833303.0,1103557.0,KL,567584.0,2576.0,562111.0,469850.0
300,Palakkad,1989222.0,950909.0,KL,373839.0,2881.0,364351.0,226562.0
301,Pathanamthitta,1048352.0,677224.0,KL,193406.0,1076.0,184979.0,306034.0
302,Thiruvananthapuram,2578575.0,1562343.0,KL,463977.0,4996.0,448304.0,436661.0
303,Thrissur,2295947.0,1305873.0,KL,523260.0,3575.0,515481.0,639055.0
304,Wayanad,659451.0,436359.0,KL,125732.0,518.0,121295.0,211953.0
305,Kargil,87221.0,64300.0,LA,3619.0,58.0,3556.0,37471.0
306,Leh,121577.0,87980.0,LA,17343.0,150.0,17131.0,72597.0
307,Lakshadweep,55129.0,45951.0,LD,10365.0,51.0,10270.0,263541.0
308,Ahmednagar,2468837.0,881402.0,MH,339457.0,7043.0,330122.0,11077.0
309,Akola,760099.0,357931.0,MH,58764.0,1425.0,57318.0,0.0
310,Amravati,1241168.0,548807.0,MH,96231.0,1594.0,94618.0,0.0
311,Beed,1145382.0,485615.0,MH,103749.0,2806.0,100803.0,111488.0
312,Bhandara,825867.0,421585.0,MH,60080.0,1123.0,58945.0,54195.0
313,Buldhana,1136679.0,512944.0,MH,85520.0,797.0,84710.0,115874.0
314,Chandrapur,1335017.0,458690.0,MH,88968.0,1560.0,87387.0,199809.0
315,Dhule,1007007.0,476051.0,MH,46172.0,654.0,45501.0,90092.0
316,Gadchiroli,540319.0,231208.0,MH,30440.0,669.0,29735.0,11993.0
317,Gondia,888961.0,469980.0,MH,40519.0,569.0,39941.0,130146.0
318,Hingoli,537442.0,201000.0,MH,18475.0,506.0,17949.0,6797.0
319,Jalgaon,2085101.0,699544.0,MH,139934.0,2714.0,137178.0,429198.0
320,Jalna,1081253.0,413822.0,MH,60615.0,1209.0,59382.0,117047.0
321,Kolhapur,2536731.0,1043329.0,MH,206671.0,5847.0,200699.0,0.0
322,Latur,1182476.0,507616.0,MH,92133.0,2437.0,89608.0,0.0
323,Mumbai,9115615.0,5564204.0,MH,756749.0,16247.0,733318.0,2789713.0
324,Nagpur,3006439.0,1460890.0,MH,493607.0,9128.0,484334.0,382083.0
325,Nanded,1560558.0,560812.0,MH,90409.0,2658.0,87721.0,117319.0
326,Nandurbar,723850.0,342054.0,MH,40006.0,948.0,39054.0,37740.0
327,Nashik,3471046.0,1299122.0,MH,410681.0,8679.0,401418.0,498397.0
328,Osmanabad,803192.0,308210.0,MH,67828.0,1963.0,65577.0,109450.0
329,Palghar,1869199.0,678741.0,MH,138013.0,3282.0,134309.0,319724.0
330,Parbhani,905874.0,378183.0,MH,52362.0,1233.0,51078.0,110937.0
331,Pune,7843130.0,4264808.0,MH,1154776.0,19594.0,1131401.0,97127.0
332,Raigad,1859507.0,774913.0,MH,195958.0,4551.0,190759.0,304088.0
333,Ratnagiri,920151.0,388703.0,MH,78950.0,2478.0,76292.0,0.0
334,Sangli,1810980.0,802877.0,MH,209771.0,5613.0,203673.0,0.0
335,Satara,1963730.0,865197.0,MH,250414.0,6428.0,243482.0,312742.0
336,Sindhudurg,524896.0,279051.0,MH,52783.0,1434.0,50987.0,0.0
337,Solapur,2242339.0,690069.0,MH,210466.0,5551.0,204364.0,629266.0
338,Thane,5484839.0,2751182.0,MH,610128.0,11462.0,597141.0,1229625.0
339,Wardha,755863.0,314899.0,MH,57344.0,1217.0,55956.0,52365.0
340,Washim,579042.0,321710.0,MH,41663.0,637.0,41020.0,0.0
341,Yavatmal,1211321.0,496306.0,MH,75967.0,1798.0,74159.0,141551.0
342,East Garo Hills,47655.0,20648.0,ML,1867.0,13.0,1844.0,0.0
343,East Jaintia Hills,64432.0,33259.0,ML,2430.0,31.0,2395.0,0.0
344,East Khasi Hills,318381.0,225526.0,ML,41025.0,987.0,39754.0,0.0
345,North Garo Hills,62675.0,28288.0,ML,1685.0,8.0,1674.0,0.0
346,Ribhoi,92049.0,48460.0,ML,9697.0,89.0,9584.0,0.0
347,South Garo Hills,40103.0,18937.0,ML,1216.0,12.0,1203.0,0.0
348,South West Garo Hills,73397.0,39210.0,ML,1872.0,17.0,1852.0,0.0
349,South West Khasi Hills,33372.0,17117.0,ML,2548.0,17.0,2525.0,0.0
350,West Garo Hills,209662.0,119725.0,ML,9027.0,72.0,8943.0,0.0
351,West Jaintia Hills,84529.0,47646.0,ML,6803.0,133.0,6642.0,0.0
352,West Khasi Hills,77018.0,43000.0,ML,5457.0,71.0,5330.0,0.0
353,Bishnupur,128902.0,64791.0,MN,0.0,0.0,0.0,0.0
354,Chandel,26634.0,15197.0,MN,0.0,0.0,0.0,0.0
355,Churachandpur,104247.0,62208.0,MN,0.0,0.0,0.0,13542.0
356,Imphal East,251626.0,148953.0,MN,0.0,0.0,0.0,0.0
357,Imphal West,308782.0,199404.0,MN,0.0,0.0,0.0,0.0
358,Jiribam,27911.0,17262.0,MN,0.0,0.0,0.0,0.0
359,Kakching,84702.0,49653.0,MN,0.0,0.0,0.0,0.0
360,Kamjong,10502.0,5370.0,MN,0.0,0.0,0.0,0.0
361,Kangpokpi,39027.0,19015.0,MN,0.0,0.0,0.0,0.0
362,Noney,16798.0,9819.0,MN,0.0,0.0,0.0,0.0
363,Pherzawl,12417.0,9888.0,MN,0.0,0.0,0.0,0.0
364,Senapati,28247.0,18288.0,MN,0.0,0.0,0.0,0.0
365,Tamenglong,19931.0,10361.0,MN,0.0,0.0,0.0,0.0
366,Tengnoupal,26209.0,12163.0,MN,0.0,0.0,0.0,0.0
367,Thoubal,141308.0,62279.0,MN,0.0,0.0,0.0,0.0
368,Ukhrul,22193.0,14759.0,MN,0.0,0.0,0.0,0.0
369,Agar Malwa,424846.0,128822.0,MP,3303.0,68.0,3235.0,0.0
370,Alirajpur,369571.0,114601.0,MP,3505.0,48.0,3453.0,0.0
371,Anuppur,481238.0,164712.0,MP,9238.0,89.0,9140.0,3424.0
372,Ashoknagar,550087.0,186066.0,MP,3670.0,57.0,3613.0,55792.0
373,Balaghat,1278183.0,549643.0,MP,9100.0,64.0,9017.0,9654.0
374,Barwani,788872.0,225336.0,MP,8366.0,90.0,8267.0,41588.0
375,Betul,1042931.0,343674.0,MP,12905.0,277.0,12590.0,68036.0
376,Bhind,1034374.0,351065.0,MP,2995.0,32.0,2960.0,44395.0
377,Bhopal,2012966.0,1168682.0,MP,123552.0,972.0,122121.0,245166.0
378,Burhanpur,493618.0,220909.0,MP,2568.0,39.0,2529.0,13040.0
379,Chhatarpur,1093616.0,336309.0,MP,7609.0,91.0,7506.0,50518.0
380,Chhindwara,1624355.0,591843.0,MP,6734.0,120.0,6612.0,79090.0
381,Damoh,844557.0,326505.0,MP,8120.0,186.0,7841.0,16564.0
382,Datia,560238.0,296233.0,MP,6959.0,78.0,6874.0,40322.0
383,Dewas,1005266.0,477219.0,MP,7723.0,51.0,7672.0,96155.0
384,Dhar,1371226.0,536214.0,MP,12572.0,130.0,12388.0,62597.0
385,Dindori,481366.0,186341.0,MP,4623.0,29.0,4588.0,3557.0
386,Guna,821399.0,284155.0,MP,5132.0,44.0,5085.0,40229.0
387,Gwalior,1452149.0,730150.0,MP,53106.0,633.0,52427.0,206696.0
388,Harda,394641.0,159293.0,MP,5055.0,96.0,4954.0,36708.0
389,Hoshangabad,865566.0,369945.0,MP,10688.0,99.0,10570.0,46294.0
390,Indore,2951024.0,1728945.0,MP,153230.0,1391.0,151410.0,780266.0
391,Jabalpur,1957070.0,1099359.0,MP,50779.0,670.0,49896.0,293923.0
392,Jhabua,607542.0,185320.0,MP,7691.0,64.0,7619.0,52146.0
393,Katni,865274.0,306259.0,MP,9366.0,120.0,9242.0,56828.0
394,Khandwa,862885.0,310248.0,MP,4044.0,94.0,3946.0,17090.0
395,Khargone,1147444.0,411114.0,MP,13970.0,239.0,13716.0,38413.0
396,Mandla,684882.0,246724.0,MP,5188.0,25.0,5159.0,0.0
397,Mandsaur,948065.0,330902.0,MP,8637.0,84.0,8552.0,52733.0
398,Morena,1295658.0,582833.0,MP,8236.0,95.0,8135.0,90967.0
399,Narsinghpur,803225.0,318284.0,MP,11209.0,81.0,11115.0,90600.0
400,Neemuch,579489.0,229183.0,MP,7926.0,84.0,7828.0,57292.0
401,Niwari,0.0,0.0,MP,3715.0,48.0,3654.0,22574.0
402,Panna,600823.0,168120.0,MP,7331.0,63.0,7250.0,0.0
403,Raisen,885585.0,333022.0,MP,9238.0,194.0,9030.0,44343.0
404,Rajgarh,1025584.0,450099.0,MP,8729.0,172.0,8490.0,46604.0
405,Ratlam,1026416.0,457972.0,MP,17860.0,385.0,17438.0,51736.0
406,Rewa,1639826.0,674779.0,MP,16433.0,155.0,16270.0,22690.0
407,Sagar,1563245.0,760746.0,MP,16622.0,390.0,16154.0,64801.0
408,Satna,1532585.0,481540.0,MP,11965.0,133.0,11829.0,28159.0
409,Sehore,909045.0,396375.0,MP,10136.0,73.0,10057.0,45061.0
410,Seoni,945564.0,341871.0,MP,6775.0,28.0,6739.0,15024.0
411,Shahdol,723227.0,337272.0,MP,10085.0,118.0,9958.0,18177.0
412,Shajapur,620316.0,278912.0,MP,6349.0,74.0,6273.0,56805.0
413,Sheopur,413195.0,140296.0,MP,4000.0,78.0,3919.0,31449.0
414,Shivpuri,1109976.0,391707.0,MP,12398.0,125.0,12261.0,47270.0
415,Sidhi,679862.0,226632.0,MP,9219.0,87.0,9132.0,4660.0
416,Singrauli,740335.0,224966.0,MP,8801.0,82.0,8706.0,0.0
417,Tikamgarh,919592.0,293885.0,MP,6863.0,114.0,6742.0,43011.0
418,Ujjain,1452247.0,836514.0,MP,18903.0,172.0,18720.0,31631.0
419,Umaria,455492.0,196492.0,MP,6294.0,63.0,6224.0,54811.0
420,Vidisha,975291.0,349024.0,MP,11922.0,237.0,11677.0,65935.0
421,Aizawl,315706.0,239593.0,MZ,75111.0,300.0,71337.0,0.0
422,Champhai,74122.0,55251.0,MZ,5188.0,11.0,4745.0,0.0
423,Hnahthial,0.0,0.0,MZ,1020.0,3.0,857.0,0.0
424,Khawzawl,0.0,0.0,MZ,733.0,0.0,688.0,0.0
425,Kolasib,50525.0,33101.0,MZ,7721.0,30.0,7561.0,0.0
426,Lawngtlai,55877.0,25870.0,MZ,6740.0,23.0,6553.0,0.0
427,Lunglei,95129.0,73298.0,MZ,9842.0,27.0,9053.0,0.0
428,Mamit,43678.0,28873.0,MZ,4854.0,12.0,4448.0,0.0
429,Saiha,34626.0,19984.0,MZ,5469.0,14.0,5304.0,0.0
430,Saitual,0.0,0.0,MZ,471.0,2.0,420.0,0.0
431,Serchhip,41932.0,36047.0,MZ,4210.0,10.0,3646.0,0.0
432,Dimapur,268405.0,175502.0,NL,14684.0,421.0,13471.0,47020.0
433,Kiphire,13017.0,8141.0,NL,258.0,9.0,246.0,1002.0
434,Kohima,105758.0,82602.0,NL,9461.0,123.0,9095.0,33986.0
435,Longleng,20577.0,15446.0,NL,307.0,2.0,286.0,1193.0
436,Mokokchung,69198.0,54730.0,NL,2333.0,54.0,2186.0,3976.0
437,Mon,70054.0,48331.0,NL,1159.0,14.0,1124.0,12278.0
438,Peren,19956.0,12514.0,NL,920.0,6.0,897.0,5717.0
439,Phek,31241.0,20746.0,NL,601.0,18.0,568.0,2779.0
440,Tuensang,38130.0,26725.0,NL,1094.0,12.0,1077.0,4887.0
441,Wokha,35138.0,23577.0,NL,402.0,11.0,361.0,1390.0
442,Zunheboto,38077.0,22337.0,NL,623.0,15.0,593.0,2131.0
443,Angul,786278.0,291800.0,OR,43920.0,393.0,43506.0,172873.0
444,Balangir,960786.0,299153.0,OR,23397.0,126.0,23257.0,87867.0
445,Balasore,1351099.0,534318.0,OR,40787.0,299.0,40389.0,9843.0
446,Bargarh,829092.0,283966.0,OR,31126.0,335.0,30762.0,0.0
447,Bhadrak,1026493.0,367945.0,OR,26480.0,150.0,26260.0,258173.0
448,Boudh,259325.0,92297.0,OR,12634.0,112.0,12488.0,496.0
449,Cuttack,1434524.0,702278.0,OR,94631.0,857.0,93404.0,5720.0
450,Deogarh,223405.0,63727.0,OR,6553.0,50.0,6460.0,682.0
451,Dhenkanal,738406.0,282859.0,OR,19871.0,243.0,19598.0,179477.0
452,Gajapati,288963.0,115535.0,OR,9657.0,84.0,9555.0,715.0
453,Ganjam,2214981.0,1698328.0,OR,33849.0,485.0,33342.0,750442.0
454,Jagatsinghpur,677675.0,272499.0,OR,27920.0,316.0,27510.0,46648.0
455,Jajpur,1087735.0,383313.0,OR,43735.0,172.0,43461.0,53956.0
456,Jharsuguda,399523.0,189682.0,OR,23863.0,176.0,23673.0,1663.0
457,Kalahandi,921185.0,304778.0,OR,24314.0,210.0,24082.0,1458.0
458,Kandhamal,384009.0,150737.0,OR,11537.0,83.0,11453.0,1516.0
459,Kendrapara,916169.0,347854.0,OR,24860.0,252.0,24545.0,382732.0
460,Kendujhar,1087285.0,376311.0,OR,20980.0,175.0,20798.0,474504.0
461,Khordha,2063646.0,1502538.0,OR,175335.0,1552.0,171938.0,0.0
462,Koraput,860773.0,399063.0,OR,19137.0,78.0,19044.0,1401.0
463,Malkangiri,391790.0,137925.0,OR,11667.0,49.0,11613.0,1841.0
464,Mayurbhanj,1222153.0,413698.0,OR,40844.0,286.0,40416.0,3307.0
465,Nabarangapur,675601.0,188457.0,OR,23549.0,86.0,23461.0,162154.0
466,Nayagarh,593612.0,222606.0,OR,23505.0,212.0,23261.0,1104.0
467,Nuapada,402248.0,129685.0,OR,22924.0,84.0,22803.0,310.0
468,Puri,1078666.0,523160.0,OR,45431.0,459.0,44903.0,173340.0
469,Rayagada,549767.0,184420.0,OR,20224.0,167.0,19981.0,578.0
470,Sambalpur,768989.0,418110.0,OR,31651.0,240.0,31315.0,2007.0
471,State Pool,0.0,0.0,OR,32048.0,0.0,31587.0,0.0
472,Subarnapur,418336.0,192102.0,OR,13187.0,61.0,13115.0,0.0
473,Sundargarh,1122762.0,490428.0,OR,61841.0,594.0,61167.0,0.0
474,Amritsar,1263073.0,446487.0,PB,47379.0,1598.0,45757.0,89227.0
475,Barnala,328464.0,104197.0,PB,5950.0,244.0,5696.0,63447.0
476,Bathinda,623604.0,202311.0,PB,41728.0,1042.0,40668.0,118489.0
477,Faridkot,330654.0,128653.0,PB,13927.0,315.0,13602.0,23635.0
478,Fatehgarh Sahib,354921.0,135247.0,PB,8876.0,335.0,8538.0,68436.0
479,Fazilka,490080.0,131519.0,PB,20271.0,528.0,19729.0,63589.0
480,Ferozepur,476343.0,128043.0,PB,14347.0,504.0,13832.0,74880.0
481,Gurdaspur,862133.0,415351.0,PB,22381.0,801.0,21576.0,249039.0
482,Hoshiarpur,1000636.0,574716.0,PB,30822.0,986.0,29828.0,221261.0
483,Jalandhar,1433553.0,681370.0,PB,63396.0,1496.0,61864.0,443735.0
484,Kapurthala,465285.0,187476.0,PB,17852.0,556.0,17294.0,38658.0
485,Ludhiana,2473646.0,943401.0,PB,87608.0,2106.0,85484.0,514691.0
486,Mansa,372366.0,89830.0,PB,15606.0,380.0,15226.0,26878.0
487,Moga,541556.0,178908.0,PB,8675.0,233.0,8440.0,77307.0
488,Pathankot,424889.0,196822.0,PB,18814.0,419.0,18373.0,29112.0
489,Patiala,1051467.0,396473.0,PB,48927.0,1358.0,47561.0,273344.0
490,Rupnagar,384637.0,182919.0,PB,12963.0,423.0,12517.0,97745.0
491,S.A.S. Nagar,872096.0,402212.0,PB,68821.0,1068.0,67726.0,41532.0
492,Sangrur,730511.0,218820.0,PB,15762.0,875.0,14884.0,166332.0
493,Shahid Bhagat Singh Nagar,392113.0,172294.0,PB,11469.0,388.0,11080.0,77715.0
494,Sri Muktsar Sahib,473193.0,142901.0,PB,18784.0,524.0,18257.0,67979.0
495,Tarn Taran,597303.0,178839.0,PB,8043.0,380.0,7659.0,111446.0
496,Karaikal,111152.0,57491.0,PY,16488.0,250.0,16150.0,73142.0
497,Mahe,34018.0,25943.0,PY,5867.0,47.0,5744.0,42415.0
498,Puducherry,558708.0,305464.0,PY,98885.0,1453.0,97171.0,425639.0
499,Yanam,30079.0,15489.0,PY,6773.0,107.0,6661.0,26727.0
500,Ajmer,1752308.0,1042482.0,RJ,37769.0,410.0,37352.0,261215.0
501,Alwar,2237787.0,1029095.0,RJ,59694.0,307.0,59387.0,291879.0
502,BSF Camp,0.0,0.0,RJ,85.0,0.0,85.0,0.0
503,Banswara,1024293.0,525793.0,RJ,10005.0,104.0,9901.0,48781.0
504,Baran,763006.0,297741.0,RJ,11996.0,61.0,11934.0,46168.0
505,Barmer,1455732.0,621465.0,RJ,15563.0,185.0,15377.0,113868.0
506,Bharatpur,1351114.0,590401.0,RJ,19601.0,260.0,19341.0,201441.0
507,Bhilwara,1525323.0,723691.0,RJ,29781.0,156.0,29625.0,148764.0
508,Bikaner,1461174.0,714590.0,RJ,40339.0,545.0,39792.0,278302.0
509,Bundi,709316.0,362835.0,RJ,7967.0,48.0,7919.0,58167.0
510,Chittorgarh,978713.0,482350.0,RJ,19809.0,139.0,19670.0,116002.0
511,Churu,1301558.0,582443.0,RJ,16720.0,107.0,16613.0,131700.0
512,Dausa,941513.0,395584.0,RJ,13351.0,62.0,13289.0,61680.0
513,Dholpur,660103.0,279501.0,RJ,11010.0,48.0,10962.0,121308.0
514,Dungarpur,737200.0,349762.0,RJ,18407.0,131.0,18276.0,121917.0
515,Evacuees,0.0,0.0,RJ,61.0,0.0,61.0,0.0
516,Ganganagar,1278952.0,525137.0,RJ,19354.0,150.0,19203.0,80706.0
517,Hanumangarh,1230511.0,588688.0,RJ,16053.0,111.0,15942.0,82542.0
518,Italians,0.0,0.0,RJ,2.0,0.0,2.0,0.0
519,Jaipur,4582410.0,2189042.0,RJ,187804.0,1970.0,185816.0,968783.0
520,Jaisalmer,416014.0,194163.0,RJ,13639.0,66.0,13573.0,80082.0
521,Jalore,987519.0,393953.0,RJ,10067.0,72.0,9995.0,184172.0
522,Jhalawar,922646.0,363082.0,RJ,13612.0,187.0,13425.0,97163.0
523,Jhunjhunu,1449967.0,787196.0,RJ,14811.0,158.0,14653.0,123433.0
524,Jodhpur,2263325.0,1036743.0,RJ,112412.0,1103.0,111308.0,600959.0
525,Karauli,813922.0,395700.0,RJ,7156.0,70.0,7086.0,64481.0
526,Kota,1269245.0,655588.0,RJ,57053.0,449.0,56603.0,355509.0
527,Nagaur,2077555.0,1016874.0,RJ,17737.0,177.0,17560.0,229822.0
528,Pali,1200554.0,513058.0,RJ,27324.0,287.0,27037.0,179463.0
529,Pratapgarh,1480021.0,456869.0,UP,16038.0,163.0,15875.0,100500.0
530,Rajsamand,691497.0,299553.0,RJ,17044.0,169.0,16875.0,91975.0
531,Sawai Madhopur,756544.0,347992.0,RJ,10618.0,61.0,10557.0,84683.0
532,Sikar,1838263.0,821713.0,RJ,30618.0,335.0,30283.0,165042.0
533,Sirohi,610090.0,348789.0,RJ,13732.0,79.0,13653.0,84616.0
534,Tonk,884688.0,419023.0,RJ,9498.0,92.0,9406.0,74225.0
535,Udaipur,1715072.0,854773.0,RJ,56405.0,753.0,55652.0,251522.0
536,East Sikkim,263526.0,229361.0,SK,0.0,0.0,0.0,0.0
537,North Sikkim,33137.0,27820.0,SK,0.0,0.0,0.0,0.0
538,South Sikkim,121481.0,105432.0,SK,0.0,0.0,0.0,0.0
539,West Sikkim,103619.0,88896.0,SK,0.0,0.0,0.0,0.0
540,Adilabad,376263.0,89337.0,TG,0.0,0.0,0.0,0.0
541,Bhadradri Kothagudem,599183.0,204318.0,TG,0.0,0.0,0.0,0.0
542,Hyderabad,3150245.0,1893217.0,TG,0.0,0.0,0.0,0.0
543,Jagtial,580926.0,190526.0,TG,0.0,0.0,0.0,0.0
544,Jangaon,327527.0,128207.0,TG,0.0,0.0,0.0,0.0
545,Jayashankar Bhupalapally,262313.0,127108.0,TG,0.0,0.0,0.0,0.0
546,Jogulamba Gadwal,306919.0,59886.0,TG,0.0,0.0,0.0,0.0
547,Kamareddy,557684.0,183176.0,TG,0.0,0.0,0.0,0.0
548,Karimnagar,657167.0,384862.0,TG,0.0,0.0,0.0,0.0
549,Khammam,856707.0,333812.0,TG,0.0,0.0,0.0,0.0
550,Komaram Bheem,275644.0,51593.0,TG,0.0,0.0,0.0,0.0
551,Mahabubabad,468199.0,172007.0,TG,0.0,0.0,0.0,0.0
552,Mahabubnagar,482547.0,150640.0,TG,0.0,0.0,0.0,0.0
553,Mancherial,480069.0,170258.0,TG,0.0,0.0,0.0,0.0
554,Medak,458648.0,140778.0,TG,0.0,0.0,0.0,0.0
555,Medchal Malkajgiri,2149958.0,1317832.0,TG,0.0,0.0,0.0,0.0
556,Mulugu,186104.0,76648.0,TG,0.0,0.0,0.0,0.0
557,Nagarkurnool,464888.0,106589.0,TG,0.0,0.0,0.0,0.0
558,Nalgonda,891308.0,254218.0,TG,0.0,0.0,0.0,0.0
559,Narayanpet,288388.0,50219.0,TG,0.0,0.0,0.0,0.0
560,Nirmal,378315.0,130107.0,TG,0.0,0.0,0.0,0.0
561,Nizamabad,858574.0,250862.0,TG,0.0,0.0,0.0,0.0
562,Peddapalli,463510.0,201940.0,TG,0.0,0.0,0.0,0.0
563,Rajanna Sircilla,372065.0,144680.0,TG,0.0,0.0,0.0,0.0
564,Ranga Reddy,2348542.0,1291404.0,TG,0.0,0.0,0.0,0.0
565,Sangareddy,851395.0,299316.0,TG,0.0,0.0,0.0,0.0
566,Siddipet,582450.0,242462.0,TG,0.0,0.0,0.0,0.0
567,Suryapet,610724.0,208278.0,TG,0.0,0.0,0.0,0.0
568,Vikarabad,427669.0,87989.0,TG,0.0,0.0,0.0,0.0
569,Wanaparthy,289412.0,81870.0,TG,0.0,0.0,0.0,0.0
570,Warangal Rural,342881.0,105289.0,TG,0.0,0.0,0.0,0.0
571,Warangal Urban,687410.0,418947.0,TG,0.0,0.0,0.0,0.0
572,Yadadri Bhuvanagiri,463854.0,223506.0,TG,0.0,0.0,0.0,0.0
573,Airport Quarantine,0.0,0.0,TN,2113.0,2.0,2107.0,0.0
574,Ariyalur,475390.0,157166.0,TN,16854.0,261.0,16548.0,18285.0
575,Chengalpattu,1337641.0,604784.0,TN,171777.0,2506.0,168327.0,51771.0
576,Chennai,4532809.0,2671294.0,TN,554672.0,8546.0,544701.0,2667777.0
577,Coimbatore,2717202.0,1205484.0,TN,246780.0,2416.0,243070.0,102107.0
578,Cuddalore,1529591.0,646400.0,TN,64085.0,867.0,62997.0,36434.0
579,Dharmapuri,770955.0,279901.0,TN,28425.0,274.0,27957.0,163803.0
580,Dindigul,1236504.0,493453.0,TN,33099.0,645.0,32348.0,27800.0
581,Erode,1370925.0,552624.0,TN,104303.0,686.0,102836.0,66240.0
582,Kallakurichi,696213.0,299822.0,TN,31364.0,210.0,31056.0,28314.0
583,Kancheepuram,663206.0,250181.0,TN,74970.0,1258.0,73386.0,37505.0
584,Kanyakumari,1100888.0,450620.0,TN,62362.0,1048.0,61112.0,79600.0
585,Karur,626136.0,289120.0,TN,24091.0,356.0,23523.0,17190.0
586,Krishnagiri,1040491.0,407695.0,TN,43570.0,348.0,43036.0,14284.0
587,Madurai,1500331.0,583138.0,TN,75215.0,1172.0,73853.0,97279.0
588,Mayiladuthurai,0.0,0.0,TN,23280.0,316.0,22878.0,0.0
589,Nagapattinam,813495.0,289588.0,TN,21074.0,346.0,20561.0,20984.0
590,Namakkal,987830.0,397079.0,TN,52245.0,498.0,51253.0,24758.0
591,Nilgiris,501986.0,343811.0,TN,33566.0,212.0,33164.0,45839.0
592,Perambalur,326872.0,136491.0,TN,12067.0,243.0,11790.0,7981.0
593,Pudukkottai,827320.0,314780.0,TN,30183.0,416.0,29627.0,20835.0
594,Railway Quarantine,0.0,0.0,TN,428.0,0.0,428.0,0.0
595,Ramanathapuram,660673.0,280037.0,TN,20564.0,357.0,20158.0,23389.0
596,Ranipet,557267.0,174051.0,TN,43436.0,775.0,42557.0,20118.0
597,Salem,1925084.0,791376.0,TN,99893.0,1685.0,97619.0,79660.0
598,Sivaganga,726010.0,287468.0,TN,20195.0,206.0,19854.0,25824.0
599,Tenkasi,736882.0,233177.0,TN,27357.0,484.0,26834.0,26338.0
600,Thanjavur,1224986.0,486660.0,TN,75352.0,972.0,73874.0,67445.0
601,Theni,660187.0,304832.0,TN,43571.0,521.0,43018.0,45839.0
602,Thiruvallur,1425728.0,563426.0,TN,119370.0,1842.0,117138.0,67948.0
603,Thiruvarur,630274.0,246969.0,TN,41461.0,442.0,40760.0,67445.0
604,Thoothukkudi,984706.0,328797.0,TN,56304.0,409.0,55757.0,49288.0
605,Tiruchirappalli,1468456.0,636356.0,TN,77534.0,1059.0,76038.0,92586.0
606,Tirunelveli,815687.0,275985.0,TN,49374.0,432.0,48812.0,54208.0
607,Tirupathur,541496.0,205219.0,TN,29301.0,625.0,28600.0,23998.0
608,Tiruppur,1671392.0,611015.0,TN,95405.0,979.0,93683.0,36301.0
609,Tiruvannamalai,1270049.0,533376.0,TN,54968.0,667.0,54122.0,76170.0
610,Vellore,763735.0,336366.0,TN,49864.0,1131.0,48564.0,47936.0
611,Viluppuram,1085842.0,444502.0,TN,45857.0,356.0,45382.0,52064.0
612,Virudhunagar,1072788.0,505098.0,TN,46294.0,548.0,45687.0,28620.0
613,Dhalai,258334.0,164654.0,TR,7037.0,35.0,7000.0,61582.0
614,Gomati,279099.0,161408.0,TR,8134.0,74.0,8043.0,47437.0
615,Khowai,202148.0,111955.0,TR,4559.0,54.0,4500.0,24046.0
616,North Tripura,283802.0,190594.0,TR,7250.0,34.0,7199.0,100931.0
617,Sipahijala,330932.0,211903.0,TR,6360.0,75.0,6273.0,53067.0
618,South Tripura,303987.0,209259.0,TR,10168.0,53.0,10104.0,83030.0
619,Unokoti,173390.0,101178.0,TR,8609.0,68.0,8530.0,34930.0
620,West Tripura,676784.0,470030.0,TR,32351.0,420.0,31817.0,202939.0
622,Agra,2172907.0,746386.0,UP,25765.0,457.0,25308.0,491361.0
623,Aligarh,1589498.0,498586.0,UP,21280.0,108.0,21172.0,482825.0
624,Ambedkar Nagar,1135268.0,349925.0,UP,5040.0,152.0,4885.0,123151.0
625,Amethi,1015454.0,375261.0,UP,9972.0,143.0,9828.0,267014.0
626,Amroha,871164.0,265607.0,UP,16616.0,203.0,16412.0,254038.0
627,Auraiya,614711.0,180775.0,UP,10090.0,203.0,9887.0,107079.0
628,Ayodhya,1270889.0,418182.0,UP,16919.0,290.0,16629.0,376735.0
629,Azamgarh,2165409.0,643824.0,UP,17906.0,228.0,17675.0,12474.0
630,Baghpat,692255.0,337171.0,UP,9132.0,141.0,8991.0,327192.0
631,Bahraich,1752196.0,642554.0,UP,11549.0,178.0,11371.0,308225.0
632,Ballia,1433455.0,388341.0,UP,21610.0,234.0,21376.0,267420.0
633,Banda,795903.0,236840.0,UP,10992.0,158.0,10832.0,303185.0
634,Barabanki,1589704.0,448292.0,UP,19850.0,225.0,19624.0,147422.0
635,Bareilly,2221830.0,749751.0,UP,44028.0,377.0,43650.0,465209.0
636,Basti,1189235.0,399451.0,UP,11717.0,330.0,11385.0,296570.0
637,Bhadohi,793094.0,244431.0,UP,7720.0,163.0,7557.0,119023.0
638,Bijnor,1756682.0,600482.0,UP,14794.0,126.0,14668.0,312985.0
639,Budaun,1408673.0,364360.0,UP,14941.0,98.0,14843.0,224207.0
640,Bulandshahr,1647985.0,646236.0,UP,20215.0,243.0,19972.0,269090.0
641,Chandauli,939599.0,238646.0,UP,16208.0,356.0,15852.0,211249.0
642,Chitrakoot,447303.0,129157.0,UP,7110.0,79.0,7031.0,234060.0
643,Deoria,1597034.0,537293.0,UP,20223.0,220.0,20003.0,304520.0
644,Etah,788675.0,213371.0,UP,9968.0,99.0,9868.0,263295.0
645,Etawah,708258.0,253661.0,UP,13933.0,293.0,13640.0,297761.0
646,Farrukhabad,833824.0,229745.0,UP,10348.0,194.0,10153.0,231856.0
647,Fatehpur,1246314.0,410120.0,UP,6814.0,139.0,6674.0,82928.0
648,Firozabad,1005224.0,328351.0,UP,8720.0,135.0,8585.0,322656.0
649,Gautam Buddha Nagar,1799728.0,974353.0,UP,63353.0,467.0,62876.0,675396.0
650,Ghaziabad,2247039.0,1071908.0,UP,55673.0,461.0,55207.0,712611.0
651,Ghazipur,1690195.0,509886.0,UP,21641.0,282.0,21359.0,265737.0
652,Gonda,1604382.0,555773.0,UP,12282.0,266.0,12016.0,241234.0
653,Gorakhpur,2347051.0,889085.0,UP,59439.0,848.0,58588.0,480536.0
654,Hapur,658863.0,254519.0,UP,12638.0,217.0,12421.0,299725.0
655,Hardoi,1852490.0,537647.0,UP,13755.0,349.0,13406.0,224784.0
656,Hathras,701190.0,234481.0,UP,2920.0,43.0,2877.0,260525.0
657,Jalaun,819651.0,251406.0,UP,11687.0,202.0,11482.0,221719.0
658,Jaunpur,2189622.0,667013.0,UP,22584.0,235.0,22349.0,322824.0
659,Jhansi,1132511.0,379818.0,UP,36556.0,663.0,35892.0,312540.0
660,Kannauj,755119.0,257048.0,UP,9231.0,114.0,9115.0,124019.0
661,Kanpur Dehat,923661.0,290898.0,UP,6197.0,110.0,6087.0,344697.0
662,Kanpur Nagar,2251558.0,859280.0,UP,82933.0,1905.0,81024.0,685820.0
663,Kasganj,608818.0,147948.0,UP,4250.0,53.0,4197.0,271969.0
664,Kaushambi,760960.0,218775.0,UP,4424.0,70.0,4353.0,207064.0
665,Kushinagar,1632782.0,458054.0,UP,15617.0,228.0,15389.0,314772.0
666,Lakhimpur Kheri,1829019.0,382178.0,UP,24410.0,292.0,24117.0,368533.0
667,Lalitpur,627553.0,143519.0,UP,12742.0,128.0,12613.0,21781.0
668,Lucknow,3106658.0,1488333.0,UP,238839.0,2651.0,236165.0,1237583.0
669,Maharajganj,1283534.0,372559.0,UP,12440.0,140.0,12300.0,334716.0
670,Mahoba,444352.0,148388.0,UP,4268.0,86.0,4182.0,142992.0
671,Mainpuri,860461.0,219990.0,UP,10028.0,182.0,9846.0,228496.0
672,Mathura,1207578.0,418117.0,UP,20297.0,402.0,19893.0,198379.0
673,Mau,1017497.0,307052.0,UP,8333.0,80.0,8252.0,281445.0
674,Meerut,1764744.0,842448.0,UP,69480.0,898.0,68567.0,798404.0
675,Mirzapur,1335308.0,462157.0,UP,11088.0,116.0,10972.0,312764.0
676,Moradabad,1390249.0,443211.0,UP,39102.0,349.0,38752.0,400459.0
677,Muzaffarnagar,1264005.0,467387.0,UP,31009.0,269.0,30737.0,161704.0
678,Pilibhit,978332.0,256931.0,UP,11032.0,193.0,10838.0,291538.0
679,Prayagraj,2731341.0,862244.0,UP,78699.0,1088.0,77609.0,729300.0
680,Rae Bareli,1436175.0,344694.0,UP,17104.0,343.0,16761.0,387408.0
681,Rampur,989666.0,250420.0,UP,11826.0,148.0,11676.0,274288.0
682,Saharanpur,1638111.0,576986.0,UP,32730.0,420.0,32309.0,266387.0
683,Sambhal,893786.0,204352.0,UP,9438.0,106.0,9331.0,309333.0
684,Sant Kabir Nagar,799506.0,195105.0,UP,8159.0,98.0,8061.0,292606.0
685,Shahjahanpur,1743273.0,538827.0,UP,20361.0,444.0,19916.0,437195.0
686,Shamli,604968.0,206438.0,UP,12976.0,45.0,12931.0,246597.0
687,Shrawasti,515155.0,181654.0,UP,4388.0,35.0,4353.0,221566.0
688,Siddharthnagar,1225133.0,479630.0,UP,9373.0,100.0,9273.0,295047.0
689,Sitapur,2139996.0,497241.0,UP,12398.0,185.0,12211.0,289473.0
690,Sonbhadra,812891.0,236871.0,UP,16807.0,251.0,16556.0,306175.0
691,Sultanpur,1178195.0,370998.0,UP,14915.0,138.0,14777.0,309395.0
692,Unnao,1554190.0,420513.0,UP,15011.0,254.0,14757.0,298886.0
693,Varanasi,2109381.0,843905.0,UP,85501.0,971.0,84528.0,595510.0
694,Almora,378242.0,215715.0,UT,12190.0,196.0,11378.0,84443.0
695,Bageshwar,183447.0,131244.0,UT,5764.0,60.0,5678.0,55626.0
696,Chamoli,273850.0,191420.0,UT,12242.0,62.0,11972.0,90390.0
697,Champawat,183354.0,119870.0,UT,7603.0,53.0,7358.0,95068.0
698,Dehradun,1465464.0,793803.0,UT,112363.0,3521.0,108137.0,401496.0
699,Haridwar,1456257.0,635360.0,UT,51498.0,1019.0,49096.0,369542.0
700,Nainital,722854.0,398680.0,UT,39232.0,944.0,38140.0,204422.0
701,Pauri Garhwal,431320.0,229262.0,UT,17686.0,315.0,16668.0,138878.0
702,Pithoragarh,318644.0,183765.0,UT,10260.0,181.0,9962.0,72686.0
703,Rudraprayag,170911.0,113480.0,UT,8800.0,106.0,8535.0,52378.0
704,Tehri Garhwal,381493.0,206527.0,UT,15835.0,108.0,14827.0,105111.0
705,Udham Singh Nagar,1277738.0,518326.0,UT,37875.0,761.0,36315.0,337292.0
706,Uttarkashi,234425.0,160687.0,UT,12548.0,74.0,12129.0,120026.0
707,Alipurduar,949775.0,353666.0,WB,15589.0,102.0,15441.0,0.0
708,Bankura,2245147.0,706177.0,WB,36313.0,274.0,35839.0,0.0
709,Birbhum,2152966.0,846286.0,WB,41197.0,286.0,40727.0,0.0
710,Cooch Behar,1444232.0,421663.0,WB,29275.0,97.0,29060.0,0.0
711,Dakshin Dinajpur,1063493.0,363056.0,WB,17889.0,170.0,17573.0,0.0
712,Darjeeling,1324555.0,664306.0,WB,57143.0,539.0,56326.0,0.0
713,Hooghly,3368156.0,1343978.0,WB,86300.0,990.0,84650.0,0.0
714,Howrah,2905925.0,1254076.0,WB,98757.0,1524.0,96567.0,0.0
715,Jalpaiguri,1144138.0,410719.0,WB,41982.0,572.0,41256.0,0.0
716,Jhargram,714456.0,211586.0,WB,12135.0,27.0,12063.0,0.0
717,Kalimpong,180713.0,124420.0,WB,7036.0,54.0,6950.0,0.0
718,Kolkata,4784084.0,3039486.0,WB,322541.0,5152.0,315146.0,0.0
719,Malda,2029144.0,590497.0,WB,33406.0,186.0,33121.0,0.0
720,Murshidabad,3952659.0,976111.0,WB,33993.0,328.0,33605.0,0.0
721,Nadia,2798942.0,884320.0,WB,73333.0,859.0,72054.0,0.0
722,North 24 Parganas,6547702.0,2720315.0,WB,329257.0,4833.0,323097.0,0.0
723,Paschim Bardhaman,1789611.0,677747.0,WB,57778.0,356.0,57184.0,0.0
724,Paschim Medinipur,2758576.0,877978.0,WB,53581.0,507.0,52820.0,0.0
725,Purba Bardhaman,2596246.0,859528.0,WB,42005.0,198.0,41588.0,0.0
726,Purba Medinipur,3560589.0,1471674.0,WB,63098.0,397.0,62549.0,0.0
727,Purulia,1679941.0,492310.0,WB,19419.0,113.0,19283.0,0.0
728,South 24 Parganas,4850898.0,1832073.0,WB,100957.0,1336.0,98950.0,0.0
729,Uttar Dinajpur,1341457.0,436182.0,WB,19858.0,238.0,19559.0,0.0
